Association of Police and Crime Commissioners,apcc
Association of Police Authorities,association_of_police_authorities
Avon and Somerset Constabulary,avon_and_somerset_police
Avon and Somerset Police and Crime Commissioner,avon_and_somerset_pcc
Avon and Somerset Police and Crime Panel,avon_and_somerset_police_and_crime_panel
Avon and Somerset Police Authority,avon_and_somerset_police_authority
Ballymena District Policing Partnership (DPP),ballymena_district_policing_partnership_dpp
Ballymoney District Policing Partnership (DPP),ballymoney_district_policing_partnership_dpp
Banbridge District Policing Partnership (DPP),banbridge_district_policing_partnership_dpp
Bedfordshire Police and Crime Commissioner,bedfordshire_pcc
Bedfordshire Police and Crime Panel,bedfordshire_pcp
Bedfordshire Police Authority,bedfordshire_police_authority
Bedfordshire Police,bedfordshire_police
Belfast District Policing Partnership (DPP),belfast_district_policing_partnership_dpp
Belfast Harbour Police,bhp
Belfast International Airport Constabulary,belfast_international_airport_constabulary
British Transport Police Authority,british_transport_police_authority
British Transport Police,btp
Cambridgeshire Constabulary,cambridgeshire_police
Cambridgeshire Police and Crime Commissioner,cambridgeshire_pcc
Cambridgeshire Police and Crime Panel,cambridgeshire_pcp
Cambridgeshire Police Authority,cambridgeshire_police_authority
Carrickfergus District Policing Partnership (DPP),carrickfergus_district_policing_partnership_dpp
Castlereagh District Policing Partnership (DPP),castlereagh_district_policing_partnership_dpp
Central Scotland Joint Police Board,central_scotland_joint_police_board
Central Scotland Police,central_scotland_police
Cheshire Constabulary,cheshire_police
Cheshire Police and Crime Commissioner,cheshire_pcc
Cheshire Police and Crime Panel,cheshire_pcp
Cheshire Police Authority,cheshire_police_authority
City of London Police Authority,city_of_london_police_authority
City of London Police,city_of_london_police
Civil Nuclear Constabulary,cnc
Civil Nuclear Police Authority,cnpa
Cleveland Police and Crime Commissioner,cleveland_pcc
Cleveland Police and Crime Panel,cleveland_pcp
Cleveland Police Authority,cleveland_police_authority
Cleveland Police,cleveland_police
Coleraine District Policing Partnership (DPP),coleraine_district_policing_partnership_dpp
College of Policing Limited,college_of_policing
Cookstown District Policing Partnership (DPP),cookstown_district_policing_partnership_dpp
Craigavon District Policing Partnership (DPP),craigavon_district_policing_partnership_dpp
Cumbria Constabulary,cumbria_police
Cumbria Police and Crime Panel,cumbria_pcp
Cumbria Police Authority,cumbria_police_authority
Cumbria Police Fire and Crime Commissioner,cumbria_pfcc
Derbyshire Constabulary,derbyshire_police
Derbyshire Police and Crime Commissioner,derbyshire_pcc
Derbyshire Police and Crime Panel,derbyshire_pcp
Derbyshire Police Authority,derbyshire_police_authority
Derry District Policing Partnership (DPP),derry_district_policing_partnership_dpp
Devon and Cornwall Constabulary,devon_and_cornwall_police
Devon and Cornwall Police and Crime Commissioner,devon_and_cornwall_pcc
Devon and Cornwall Police and Crime Panel,devon_and_cornwall_pcp
Devon and Cornwall Police Authority,devon_and_cornwall_police_authority
Dorset Police and Crime Commissioner,dorset_pcc
Dorset Police and Crime Panel,dorset_pcp
Dorset Police Authority,dorset_police_authority
Dorset Police,dorset_police
Down District Policing Partnership (DPP),down_district_policing_partnership_dpp
Dumfries and Galloway Constabulary,dumfries_and_galloway_constabulary
Dungannon and South Tyrone District Policing Partnership (DPP),dungannon_and_south_tyrone_district_policing_partnership_dpp
Durham Constabulary,durham_police
Durham Police and Crime Commissioner,durham_pcc
Durham Police and Crime Panel,durham_pcp
Durham Police Authority,durham_police_authority
Dyfed Powys Police,dyfed_powys_police
Dyfed-Powys Police and Crime Commissioner,dyfed_powys_pcc
Dyfed-Powys Police and Crime Panel,dyfed_powys_pcp
Dyfed-Powys Police Authority,dyfed_powys_police_authority
Essex Police Authority,essex_police_authority
Essex Police Fire and Crime Commissioner,essex_pfcc
Essex Police Fire and Crime Panel,essex_police_fire_and_crime_panel
Essex Police,essex_police
Falmouth Docks Police,falmouth_docks_police
Fermanagh District Policing Partnership (DPP),fermanagh_district_policing_partnership_dpp
Fife Constabulary,fife_constabulary
Gloucestershire Constabulary,gloucestershire_police
Gloucestershire Police and Crime Commissioner,gloucestershire_pcc
Gloucestershire Police and Crime Panel,gloucestershire_pcp
Gloucestershire Police Authority,gloucestershire_police_authority
Grampian Joint Police Board,grampian_joint_police_board
Grampian Police,grampian_police
Greater Manchester Police and Crime Commissioner,greater_manchester_pcc
Greater Manchester Police and Crime Panel,greater_manchester_pcp
Greater Manchester Police Authority,greater_manchester_police_authority
Greater Manchester Police,gmp
Gwent Police and Crime Commissioner,gwent_pcc
Gwent Police and Crime Panel,gwent_pcp
Gwent Police Authority,gwent_police_authority
Gwent Police,gwent_police
Hampshire and Isle of Wight Constabulary,hampshire_police
Hampshire Police and Crime Commissioner,hampshire_pcc
Hampshire Police and Crime Panel,hampshire_pcp
Hampshire Police Authority,hampshire_police_authority
Hertfordshire Constabulary,hertfordshire_police
Hertfordshire Police and Crime Commissioner,hertfordshire_pcc
Hertfordshire Police and Crime Panel,hertfordshire_pcp
Hertfordshire Police Authority,hertfordshire_police_authority
HM Inspector of Constabulary for Scotland,hm_inspector_of_constabulary_for_scotland
HM Inspectorate of Constabulary and Fire & Rescue Services,hmicfrs
Humberside Police and Crime Panel,humberside_pcp
Humberside Police Authority,humberside_police_authority
Humberside Police,humberside_police
International Policing Assistance Board,ipab
Kent Police and Crime Commissioner,kent_pcc
Kent Police and Crime Panel,kent_pcp
Kent Police Authority,kent_police_authority
Kent Police,kent_police
Lancashire Constabulary,lancashire_police
Lancashire Police and Crime Commissioner,lancashire_pcc
Lancashire Police and Crime Panel,lancashire_pcp
Lancashire Police Authority,lancashire_police_authority
Larne District Policing Partnership (DPP),larne_district_policing_partnership_dpp
Leicestershire Constabulary,leicestershire_police
Leicestershire Police and Crime Commissioner,leicestershire_pcc
Leicestershire Police and Crime Panel,leicestershire_pcp
Leicestershire Police Authority,leicestershire_police_authority
Limavaday District Policing Partnership (DPP),limavaday_district_policing_partnership_dpp
Lincolnshire Police and Crime Commissioner,lincolnshire_pcc
Lincolnshire Police and Crime Panel,lincolnshire_pcp
Lincolnshire Police Authority,lincolnshire_police_authority
Lincolnshire Police,lincolnshire_police
Lisburn District Policing Partnership (DPP),lisburn_district_policing_partnership_dpp
Lothian and Borders Police Board,lothian_and_borders_police_board
Lothian and Borders Police,lothian_and_borders_police
Magherafelt District Policing Partnership (DPP),magherafelt_district_policing_partnership_dpp
Mayor's Office for Policing and Crime,mopac
Merseyside Police and Crime Commissioner,merseyside_pcc
Merseyside Police and Crime Panel,merseyside_pcp
Merseyside Police Authority,merseyside_police_authority
Merseyside Police,merseyside_police
Metropolitan Police Authority,metropolitan_police_authority
Metropolitan Police Service (MPS),the_met
Ministry of Defence Police,mdp
Moyle District Policing Partnership (DPP),moyle_district_policing_partnership_dpp
National Crime Agency,nca
National Extremism Tactical Coordination Unit,netcu
National Police Air Service,npas
National Police Chiefs' Council,npcc
National Policing Improvement Agency,npia
Newry and Mourne District Policing Partnership (DPP),newry_and_mourne_district_policing_partnership_dpp
Newtownabbey District Policing Partnership (DPP),newtownabbey_district_policing_partnership_dpp
Norfolk Constabulary,norfolk_police
Norfolk Police and Crime Commissioner,norfolk_pcc
Norfolk Police and Crime Panel,norfolk_pcp
Norfolk Police Authority,norfolk_police_authority
North Wales Police and Crime Commissioner,north_wales_pcc
North Wales Police and Crime Panel,north_wales_pcp
North Wales Police Authority,north_wales_police_authority
North Wales Police,north_wales_police
North Yorkshire Police and Crime Panel,north_yorkshire_pcp
North Yorkshire Police Authority,north_yorkshire_police_authority
North Yorkshire Police Fire and Crime Commissioner,north_yorkshire_pfcc
North Yorkshire Police,nyp
Northamptonshire Police and Crime Panel,northamptonshire_pcp
Northamptonshire Police Authority,northamptonshire_police_authority
Northamptonshire Police Fire and Crime Commissioner,northamptonshire_pcc
Northamptonshire Police,northamptonshire_police
Northern Constabulary,northern_constabulary
Northern Ireland Police Fund,northern_ireland_police_fund
Northern Ireland Policing Board,northern_ireland_policing_board
Northern Joint Police Board,northern_joint_police_board
Northumbria Police and Crime Commissioner,northumbria_pcc
Northumbria Police and Crime Panel,northumbria_pcp
Northumbria Police Authority,northumbria_police_authority
Northumbria Police,northumbria_police
Nottinghamshire Police and Crime Commissioner,nottinghamshire_pcc
Nottinghamshire Police and Crime Panel,nottinghamshire_pcp
Nottinghamshire Police Authority,nottinghamshire_police_authority
Nottinghamshire Police,nottinghamshire_police
Omagh District Policing Partnership (DPP),omagh_district_policing_partnership_dpp
Police Advisory Board for England and Wales,police_advisory_board_for_england_and_wales
Police Advisory Board for Scotland,police_advisory_board_for_scotland
Police Complaints Commissioner for Scotland,police_complaints_commissioner_for_scotland
Police Investigations and Review Commissioner,pirc
Police Negotiating Board,police_negotiating_board
Police Scotland,police_scotland
Police Service of Northern Ireland,psni
Port of Bristol Police,port_of_bristol_police
Port of Dover Police,port_of_dover_police
Port of Felixstowe Police,port_of_felixstowe_police
Port of Larne Police,port_of_larne_police
Port of Liverpool Police,port_of_liverpool_police
Port of Portland Police,port_of_portland_police
Port of Tilbury London Police,port_of_tilbury_london_police
Royal Ulster Constabulary George Cross Foundation,rucgcf
Scottish Crime and Drug Enforcement Agency,scottish_crime_and_drug_enforcement_agency
Scottish Police Authority,scottish_police_authority
Scottish Police Services Authority,spsa
South Wales Police and Crime Commissioner,south_wales_pcc
South Wales Police and Crime Panel,south_wales_pcp
South Wales Police Authority,south_wales_police_authority
South Wales Police,south_wales_police
South Yorkshire Police and Crime Commissioner,south_yorkshire_pcc
South Yorkshire Police and Crime Panel,south_yorkshire_pcp
South Yorkshire Police Authority,south_yorkshire_police_authority
South Yorkshire Police,syp
Staffordshire Police and Crime Panel,staffordshire_pcp
Staffordshire Police Authority,staffordshire_police_authority
Staffordshire Police Fire and Crime Commissioner,staffordshire_pfcc
Staffordshire Police,staffordshire_police
Strabane District Policing Partnership (DPP),strabane_district_policing_partnership_dpp
Strathclyde Joint Police Board,strathclyde_joint_police_board
Strathclyde Police,strathclyde_police
Suffolk Constabulary,suffolk_police
Suffolk Police and Crime Commissioner,suffolk_pcc
Suffolk Police and Crime Panel,suffolk_pcp
Suffolk Police Authority,suffolk_police_authority
Surrey Police and Crime Commissioner,surrey_pcc
Surrey Police and Crime Panel,surrey_pcp
Surrey Police Authority,surrey_police_authority
Surrey Police,surrey_police
Sussex Police and Crime Commissioner,sussex_pcc
Sussex Police and Crime Panel,sussex_pcp
Sussex Police Authority,sussex_police_authority
Sussex Police,sussex_police
Tayside Joint Police Board,tayside_joint_police_board
Tayside Police,tayside_police
Tees and Hartlepool Harbour Police,tees_and_hartlepool_harbour_police
Thames Valley Police and Crime Commissioner,thames_valley_pcc
Thames Valley Police and Crime Panel,thames_valley_pcp
Thames Valley Police Authority,thames_valley_police_authority
Thames Valley Police,thames_valley_police
The Police Federation of England and Wales,police_federation
The Police ICT Company Limited,the_police_ict_company_limited
UK Football Policing Unit,ukfpu
UK National Wildlife Crime Unit,nwcu
University of Cambridge Constabulary,university_of_cambridge_constabulary
Warwickshire Police and Crime Commissioner,warwickshire_pcc
Warwickshire Police and Crime Panel,warwickshire_pcp
Warwickshire Police Authority,warwickshire_police_authority
Warwickshire Police,warwickshire_police
West Mercia Police and Crime Commissioner,west_mercia_pcc
West Mercia Police and Crime Panel,west_mercia_pcp
West Mercia Police Authority,west_mercia_police_authority
West Mercia Police,west_mercia_police
West Midlands Police and Crime Commissioner,west_midlands_pcc
West Midlands Police and Crime Panel,west_midlands_pcp
West Midlands Police Authority,west_midlands_police_authority
West Midlands Police,wmp
West Yorkshire Police and Crime Commissioner,west_yorkshire_pcc
West Yorkshire Police and Crime Panel,west_yorkshire_pcp
West Yorkshire Police Authority,west_yorkshire_police_authority
West Yorkshire Police,west_yorkshire_police
Wiltshire Constabulary,wiltshire_police
Wiltshire Police and Crime Commissioner,wiltshire_pcc
Wiltshire Police and Crime Panel,wiltshire_pcp
Wiltshire Police Authority,wiltshire_police_authority
York Minster Police,york_minster_police
